Temperature_C,Humidity_pct,Catalyst_pct,NCO_OH_Ratio,Pot_Life_min
22.5,58.6,0.115,1.1,106.0
34.0,70.3,0.112,1.03,70.0
29.6,68.0,0.277,1.13,21.0
27.0,37.7,0.112,1.09,95.0
18.1,37.5,0.118,1.02,114.0
18.1,43.4,0.24,1.14,82.0
16.2,48.1,0.162,1.08,103.0
32.3,50.4,0.244,1.01,40.0
27.0,64.0,0.066,1.09,116.0
29.2,32.8,0.172,1.04,71.0
15.4,31.7,0.058,1.12,200.0
34.4,49.6,0.066,1.12,96.0
31.6,64.9,0.277,1.15,43.0
19.2,39.7,0.085,1.08,147.0
18.6,62.1,0.183,1.07,102.0
18.7,43.0,0.153,1.11,94.0
21.1,74.3,0.137,1.02,97.0
25.5,74.8,0.275,1.08,43.0
23.6,44.9,0.055,1.08,165.0
20.8,41.5,0.216,1.01,72.0
27.2,50.6,0.291,1.06,40.0
17.8,42.0,0.19,1.13,99.0
20.8,63.6,0.284,1.13,51.0
22.3,71.3,0.063,1.01,134.0
24.1,63.7,0.155,1.01,70.0
30.7,71.2,0.115,1.04,73.0
19.0,49.8,0.233,1.13,83.0
25.3,37.8,0.295,1.02,50.0
26.8,66.9,0.114,1.11,92.0
15.9,48.0,0.214,1.02,77.0
27.2,63.6,0.1,1.09,85.0
18.4,43.5,0.191,1.05,84.0
16.3,34.1,0.166,1.12,104.0
34.0,79.6,0.293,1.04,27.0
34.3,37.8,0.202,1.1,50.0
31.2,79.4,0.137,1.04,53.0
21.1,78.9,0.079,1.11,131.0
17.0,69.7,0.088,1.13,145.0
28.7,63.0,0.106,1.02,73.0
23.8,58.9,0.113,1.13,94.0
17.4,73.3,0.263,1.09,65.0
24.9,44.5,0.19,1.02,64.0
15.7,53.4,0.181,1.06,98.0
33.2,61.0,0.079,1.02,83.0
20.2,50.6,0.265,1.11,59.0
28.3,51.4,0.231,1.11,59.0
21.2,46.5,0.067,1.02,141.0
25.4,58.2,0.227,1.08,49.0
25.9,72.5,0.186,1.12,81.0
18.7,40.1,0.07,1.14,154.0
34.4,76.7,0.165,1.08,32.0
30.5,64.5,0.171,1.14,58.0
33.8,71.2,0.091,1.08,54.0
32.9,57.8,0.286,1.06,31.0
27.0,69.0,0.262,1.13,61.0
33.4,30.8,0.217,1.07,33.0
16.8,70.9,0.166,1.07,80.0
18.9,32.0,0.153,1.07,88.0
15.9,74.5,0.213,1.13,90.0
21.5,79.6,0.186,1.12,79.0
22.8,44.7,0.066,1.06,140.0
20.4,40.5,0.178,1.05,89.0
31.6,68.3,0.252,1.07,47.0
22.1,42.7,0.165,1.09,96.0
20.6,73.3,0.063,1.04,153.0
25.9,35.1,0.247,1.12,36.0
17.8,36.3,0.1,1.07,129.0
31.0,79.0,0.115,1.05,62.0
16.5,63.7,0.091,1.02,144.0
34.7,72.3,0.133,1.04,50.0
30.4,46.2,0.239,1.14,53.0
19.0,63.8,0.18,1.05,93.0
15.1,59.7,0.101,1.03,144.0
31.3,60.2,0.269,1.07,45.0
29.1,64.1,0.27,1.05,42.0
29.6,58.8,0.268,1.01,40.0
30.4,51.5,0.11,1.05,82.0
16.5,43.8,0.163,1.08,104.0
22.2,68.4,0.296,1.08,66.0
17.3,41.3,0.243,1.05,66.0
32.3,64.6,0.057,1.07,102.0
27.5,41.7,0.066,1.14,119.0
21.6,61.3,0.166,1.06,83.0
16.3,67.4,0.277,1.04,79.0
21.2,40.9,0.185,1.04,79.0
21.5,33.0,0.174,1.07,71.0
29.6,36.5,0.076,1.11,109.0
27.8,60.3,0.214,1.03,57.0
32.7,72.5,0.256,1.11,17.0
24.4,32.2,0.145,1.0,83.0
17.4,66.7,0.244,1.06,59.0
29.3,47.1,0.291,1.12,35.0
30.2,53.9,0.101,1.05,73.0
26.2,76.4,0.181,1.08,65.0
30.4,46.6,0.122,1.03,72.0
24.9,53.3,0.248,1.11,43.0
25.5,30.7,0.194,1.01,73.0
23.6,34.1,0.209,1.13,56.0
15.5,42.9,0.249,1.03,84.0
17.2,31.4,0.149,1.13,102.0
15.6,61.6,0.279,1.05,69.0
27.7,51.3,0.183,1.11,63.0
21.3,57.4,0.089,1.05,127.0
25.2,38.7,0.224,1.14,70.0
33.2,44.8,0.248,1.02,38.0
20.0,63.2,0.129,1.03,103.0
23.2,78.3,0.264,1.07,46.0
30.1,32.5,0.277,1.01,45.0
19.6,74.5,0.119,1.03,109.0
16.5,58.8,0.296,1.14,66.0
20.8,58.2,0.085,1.15,114.0
18.2,55.0,0.101,1.06,132.0
33.6,33.5,0.096,1.14,79.0
31.2,34.5,0.273,1.08,36.0
27.7,60.0,0.214,1.04,41.0
32.4,47.0,0.088,1.11,93.0
31.1,75.9,0.16,1.1,55.0
18.7,50.3,0.204,1.15,78.0
32.9,37.2,0.071,1.04,86.0
25.8,65.7,0.271,1.1,39.0
31.1,44.7,0.251,1.01,52.0
32.9,56.3,0.176,1.02,49.0
21.4,64.9,0.292,1.0,48.0
17.2,75.0,0.154,1.15,102.0
19.6,69.6,0.296,1.12,49.0
23.5,63.8,0.217,1.12,72.0
31.4,64.0,0.209,1.08,54.0
32.2,77.3,0.091,1.05,70.0
15.1,44.8,0.27,1.02,73.0
25.2,30.1,0.157,1.04,56.0
23.3,43.6,0.091,1.06,103.0
19.4,40.9,0.053,1.11,177.0
17.4,63.1,0.19,1.08,87.0
21.8,61.7,0.182,1.01,71.0
33.9,59.7,0.23,1.0,26.0
21.5,30.8,0.273,1.02,60.0
25.4,66.4,0.07,1.06,125.0
29.1,46.2,0.233,1.14,52.0
22.3,63.3,0.097,1.1,95.0
34.4,57.8,0.265,1.12,31.0
34.2,47.1,0.255,1.07,25.0
20.0,36.7,0.185,1.05,91.0
24.9,34.7,0.228,1.02,66.0
21.0,71.6,0.129,1.13,87.0
20.7,75.9,0.168,1.12,73.0
15.7,62.5,0.255,1.03,72.0
27.2,35.2,0.165,1.08,50.0
25.1,50.1,0.139,1.07,82.0
16.0,66.4,0.174,1.09,94.0
20.6,69.0,0.257,1.14,67.0
33.2,35.9,0.134,1.09,53.0
19.8,30.0,0.093,1.08,127.0
17.9,65.6,0.228,1.01,62.0
24.8,47.8,0.256,1.01,45.0
34.7,42.7,0.075,1.03,75.0
19.8,30.6,0.11,1.0,127.0
28.4,57.0,0.085,1.11,89.0
30.2,72.6,0.137,1.11,62.0
19.8,77.9,0.163,1.02,81.0
29.6,58.3,0.237,1.13,34.0
22.4,55.7,0.213,1.02,64.0
27.6,34.3,0.205,1.05,63.0
27.7,57.4,0.138,1.04,61.0
25.7,49.0,0.26,1.06,57.0
16.8,60.4,0.168,1.04,90.0
31.7,49.4,0.295,1.07,31.0
21.4,42.0,0.209,1.06,76.0
18.7,34.7,0.082,1.15,144.0
15.8,45.7,0.219,1.01,87.0
26.8,34.8,0.131,1.02,78.0
28.6,38.8,0.222,1.01,53.0
15.3,79.4,0.067,1.09,164.0
25.2,52.2,0.094,1.01,88.0
19.5,56.6,0.264,1.13,68.0
27.9,73.7,0.107,1.08,88.0
18.5,79.8,0.259,1.08,55.0
28.8,59.1,0.12,1.08,72.0
22.7,70.6,0.211,1.03,64.0
33.7,46.3,0.224,1.03,46.0
17.8,45.3,0.178,1.05,76.0
21.8,50.1,0.126,1.09,90.0
17.3,63.6,0.103,1.03,128.0
33.5,64.1,0.058,1.02,105.0
32.5,45.8,0.126,1.15,84.0
20.2,36.7,0.213,1.0,74.0
28.2,61.6,0.285,1.12,29.0
31.3,36.4,0.268,1.12,44.0
26.1,58.9,0.242,1.04,61.0
25.6,64.7,0.247,1.02,50.0
19.8,65.0,0.216,1.02,63.0
16.9,67.7,0.115,1.1,130.0
32.9,73.6,0.277,1.1,36.0
33.0,55.0,0.218,1.12,33.0
27.7,66.5,0.19,1.14,57.0
21.8,61.0,0.078,1.1,139.0
22.0,39.3,0.162,1.02,93.0
29.5,31.3,0.165,1.04,62.0
32.9,44.2,0.266,1.13,34.0
32.7,52.2,0.187,1.03,57.0
30.6,60.9,0.145,1.01,50.0
27.8,72.5,0.294,1.11,41.0
16.7,39.8,0.078,1.06,154.0
18.2,36.3,0.156,1.14,109.0
33.0,78.2,0.061,1.1,94.0
27.1,35.4,0.235,1.01,64.0
15.2,53.9,0.28,1.14,78.0
17.0,59.3,0.12,1.04,110.0
28.3,57.1,0.265,1.05,54.0
15.1,34.3,0.123,1.06,145.0
18.2,32.9,0.278,1.01,77.0
26.0,35.3,0.238,1.07,50.0
28.8,59.3,0.251,1.02,41.0
28.0,57.2,0.055,1.06,131.0
19.5,41.7,0.291,1.05,57.0
29.2,61.9,0.232,1.12,58.0
19.7,71.0,0.126,1.12,102.0
21.5,32.1,0.257,1.02,42.0
29.9,54.9,0.12,1.05,74.0
28.0,64.5,0.268,1.06,39.0
32.0,42.6,0.078,1.02,90.0
28.2,45.4,0.226,1.12,48.0
26.4,60.7,0.185,1.11,66.0
16.9,74.9,0.074,1.03,171.0
22.4,70.5,0.11,1.06,102.0
20.3,59.2,0.053,1.02,176.0
19.9,66.5,0.167,1.09,83.0
34.5,48.2,0.125,1.02,59.0
22.9,62.0,0.2,1.15,59.0
32.8,53.3,0.124,1.12,67.0
27.6,39.5,0.125,1.06,83.0
30.9,65.1,0.236,1.09,52.0
25.1,57.8,0.062,1.14,144.0
26.5,47.9,0.276,1.08,41.0
24.9,75.6,0.263,1.03,53.0
18.9,31.0,0.217,1.06,72.0
29.4,45.8,0.198,1.13,58.0
20.6,32.8,0.273,1.1,60.0
15.5,68.3,0.096,1.1,138.0
27.9,65.1,0.07,1.13,112.0
18.5,46.6,0.11,1.13,101.0
33.8,63.8,0.249,1.14,20.0
34.1,49.8,0.059,1.01,98.0
33.3,67.8,0.196,1.08,42.0
22.4,52.7,0.299,1.11,49.0
15.3,50.6,0.264,1.11,65.0
33.6,76.7,0.18,1.09,35.0
23.6,42.5,0.066,1.03,143.0
34.3,36.0,0.258,1.12,42.0
34.3,59.2,0.2,1.11,40.0
32.1,78.5,0.079,1.01,92.0
20.9,48.9,0.073,1.07,146.0
22.7,33.1,0.277,1.03,52.0
32.0,47.0,0.217,1.05,42.0
21.3,55.3,0.257,1.0,49.0
18.4,38.1,0.27,1.06,69.0
26.1,62.9,0.193,1.08,67.0
33.7,79.9,0.179,1.09,46.0
28.9,52.6,0.158,1.1,73.0
26.4,47.7,0.129,1.13,77.0
16.9,50.0,0.159,1.03,113.0
27.3,35.8,0.243,1.02,50.0
34.8,74.2,0.2,1.13,48.0
17.8,50.7,0.273,1.02,68.0
25.4,49.4,0.161,1.15,77.0
32.5,63.0,0.202,1.13,54.0
29.8,52.1,0.208,1.08,48.0
28.9,62.4,0.198,1.15,52.0
29.0,33.1,0.226,1.01,62.0
22.2,70.7,0.109,1.05,100.0
20.9,77.0,0.178,1.1,64.0
31.2,62.4,0.076,1.05,108.0
31.2,77.7,0.146,1.14,51.0
32.3,37.6,0.172,1.01,55.0
33.3,53.9,0.213,1.08,51.0
25.2,60.1,0.288,1.09,41.0
25.0,59.1,0.2,1.1,52.0
31.0,50.1,0.236,1.04,45.0
28.0,46.9,0.177,1.05,46.0
29.0,36.3,0.209,1.13,51.0
30.9,49.6,0.068,1.03,104.0
32.8,38.1,0.114,1.12,67.0
21.8,66.7,0.14,1.08,75.0
22.5,40.4,0.168,1.11,92.0
16.9,32.9,0.061,1.11,192.0
26.6,57.6,0.085,1.03,114.0
15.7,59.8,0.119,1.09,125.0
24.3,73.6,0.293,1.13,37.0
25.9,58.8,0.133,1.06,80.0
20.7,47.3,0.171,1.14,82.0
26.8,70.2,0.099,1.07,80.0
15.6,57.0,0.203,1.02,102.0
15.7,34.0,0.12,1.06,127.0
31.5,58.3,0.102,1.14,60.0
22.2,75.4,0.179,1.05,81.0
17.5,49.8,0.051,1.13,201.0
25.4,44.8,0.052,1.13,146.0
30.4,37.2,0.105,1.05,66.0
19.3,37.6,0.059,1.01,191.0
27.5,51.6,0.077,1.11,97.0
16.7,59.8,0.135,1.05,113.0
16.0,34.0,0.251,1.12,88.0
25.6,77.0,0.193,1.07,60.0
25.8,67.8,0.178,1.07,61.0
27.7,59.3,0.123,1.12,62.0
29.5,71.4,0.283,1.06,29.0
34.5,34.0,0.149,1.07,56.0
25.3,53.8,0.072,1.06,115.0
21.5,61.5,0.204,1.06,70.0
30.9,71.4,0.078,1.08,94.0
20.4,69.2,0.136,1.12,101.0
23.8,43.9,0.177,1.05,63.0
16.6,77.0,0.269,1.08,85.0
15.5,36.2,0.173,1.1,111.0
34.3,73.8,0.226,1.04,34.0
31.7,78.5,0.298,1.04,38.0
28.9,38.9,0.083,1.14,118.0
23.2,66.1,0.119,1.11,81.0
18.5,32.0,0.149,1.09,102.0
18.1,50.3,0.155,1.1,79.0
20.0,55.8,0.153,1.0,92.0
26.0,59.0,0.277,1.09,48.0
29.3,76.8,0.229,1.08,42.0
28.2,63.6,0.202,1.08,46.0
20.6,54.1,0.127,1.05,84.0
34.1,70.5,0.256,1.01,34.0
29.8,77.5,0.289,1.03,45.0
26.1,31.1,0.255,1.14,49.0
27.2,79.1,0.05,1.06,140.0
23.4,34.3,0.209,1.07,55.0
20.0,70.7,0.063,1.01,164.0
22.1,44.0,0.114,1.01,100.0
30.2,36.6,0.065,1.11,105.0
15.3,52.0,0.201,1.08,87.0
17.3,62.2,0.222,1.08,75.0
15.9,49.0,0.079,1.04,170.0
15.8,32.7,0.146,1.11,106.0
32.1,60.0,0.164,1.03,48.0
29.1,75.1,0.142,1.03,61.0
24.5,49.2,0.08,1.07,109.0
17.0,40.8,0.155,1.04,120.0
24.8,52.1,0.238,1.04,48.0
24.5,32.4,0.068,1.1,129.0
18.5,71.0,0.07,1.1,150.0
23.7,71.3,0.139,1.12,95.0
23.0,59.4,0.285,1.06,55.0
27.3,47.7,0.217,1.01,46.0
27.7,70.0,0.22,1.04,57.0
15.9,57.7,0.14,1.15,115.0
22.5,71.3,0.198,1.09,67.0
27.5,61.6,0.053,1.11,132.0
25.1,69.2,0.209,1.0,50.0
32.1,59.9,0.278,1.08,37.0
28.2,50.7,0.203,1.01,49.0
18.3,77.9,0.268,1.09,77.0
16.4,57.1,0.231,1.14,70.0
27.8,60.3,0.08,1.15,113.0
15.5,41.0,0.276,1.08,76.0
26.7,61.3,0.067,1.07,122.0
33.8,58.6,0.183,1.14,51.0
26.5,39.2,0.086,1.1,101.0
22.8,33.0,0.053,1.01,174.0
27.9,60.2,0.156,1.07,42.0
24.2,68.2,0.124,1.04,80.0
25.9,56.2,0.172,1.07,58.0
33.8,41.3,0.194,1.07,36.0
22.7,63.3,0.061,1.09,146.0
34.2,34.0,0.081,1.05,86.0
33.1,52.1,0.19,1.02,51.0
18.9,38.2,0.136,1.08,108.0
16.4,39.2,0.232,1.12,78.0
17.0,40.1,0.213,1.1,88.0
15.4,49.3,0.261,1.05,79.0
16.9,32.6,0.223,1.14,92.0
28.7,49.9,0.157,1.14,69.0
16.4,55.6,0.218,1.03,83.0
21.4,54.2,0.119,1.01,95.0
31.9,49.1,0.127,1.11,60.0
15.5,72.0,0.247,1.12,72.0
31.3,37.3,0.162,1.15,56.0
20.6,55.3,0.25,1.13,65.0
17.4,33.1,0.256,1.09,82.0
28.9,33.6,0.264,1.08,46.0
27.6,58.7,0.279,1.0,42.0
32.5,58.3,0.158,1.04,53.0
29.7,73.9,0.13,1.07,60.0
31.1,57.9,0.196,1.09,40.0
20.6,78.0,0.143,1.08,74.0
18.5,32.4,0.2,1.11,79.0
30.0,34.9,0.226,1.04,53.0
31.1,32.2,0.222,1.08,43.0
34.8,39.3,0.144,1.01,53.0
23.3,57.1,0.092,1.06,115.0
22.4,62.3,0.158,1.11,83.0
30.5,32.3,0.086,1.1,84.0
21.8,77.3,0.273,1.15,60.0
33.6,72.1,0.136,1.04,62.0
32.2,44.8,0.089,1.07,73.0
23.6,33.9,0.056,1.05,149.0
30.0,38.5,0.211,1.07,60.0
30.1,36.3,0.209,1.13,50.0
17.1,36.2,0.135,1.1,98.0
33.1,55.9,0.068,1.13,82.0
25.1,42.3,0.152,1.03,74.0
31.5,47.9,0.128,1.13,56.0
21.4,79.5,0.219,1.01,59.0
32.9,64.2,0.201,1.13,42.0
22.8,77.4,0.141,1.05,93.0
15.2,37.1,0.104,1.05,144.0
33.1,49.1,0.297,1.08,42.0
16.8,57.7,0.164,1.14,110.0
21.4,33.8,0.222,1.01,82.0
34.0,30.2,0.085,1.05,84.0
34.0,63.5,0.171,1.13,29.0
26.5,62.1,0.057,1.06,137.0
27.6,50.5,0.176,1.03,69.0
24.0,54.5,0.291,1.06,48.0
20.9,50.8,0.146,1.06,105.0
21.6,31.2,0.06,1.14,170.0
28.5,46.8,0.058,1.11,130.0
30.0,38.9,0.147,1.08,74.0
30.8,34.9,0.09,1.15,91.0
30.8,77.8,0.056,1.07,91.0
16.8,60.0,0.239,1.01,72.0
24.9,66.4,0.165,1.04,78.0
16.2,45.8,0.122,1.07,119.0
26.0,49.7,0.275,1.02,46.0
23.8,41.8,0.079,1.14,115.0
32.8,34.8,0.289,1.12,51.0
22.0,39.0,0.128,1.04,111.0
17.3,69.9,0.272,1.09,59.0
17.9,63.9,0.201,1.11,82.0
30.2,57.3,0.257,1.14,35.0
27.4,53.8,0.296,1.13,47.0
17.0,76.1,0.122,1.08,119.0
16.7,33.6,0.29,1.12,78.0
29.0,44.0,0.147,1.08,69.0
16.5,47.5,0.146,1.08,134.0
31.4,69.1,0.135,1.02,51.0
29.1,79.6,0.185,1.02,36.0
16.6,42.0,0.089,1.08,149.0
16.7,73.7,0.188,1.04,75.0
34.7,71.5,0.185,1.0,28.0
22.5,41.2,0.24,1.11,55.0
22.4,50.0,0.258,1.0,51.0
31.3,50.5,0.16,1.09,48.0
33.9,78.9,0.126,1.08,58.0
34.7,39.0,0.115,1.15,60.0
30.1,70.0,0.099,1.07,77.0
22.5,46.7,0.064,1.01,154.0
16.7,66.5,0.136,1.08,105.0
30.5,51.0,0.118,1.13,69.0
26.2,58.9,0.292,1.15,46.0
23.5,71.6,0.189,1.06,49.0
33.1,70.2,0.137,1.05,35.0
17.2,73.3,0.195,1.14,86.0
24.9,33.0,0.085,1.03,119.0
15.2,64.6,0.161,1.09,122.0
24.4,37.0,0.207,1.06,66.0
16.1,50.8,0.172,1.01,106.0
17.4,57.4,0.15,1.05,101.0
17.4,50.1,0.298,1.04,68.0
28.0,56.0,0.27,1.1,56.0
29.9,79.8,0.206,1.14,27.0
26.7,36.8,0.192,1.04,66.0
34.2,63.8,0.205,1.12,56.0
22.5,49.8,0.1,1.01,112.0
20.7,36.7,0.149,1.08,107.0
32.4,37.9,0.06,1.01,102.0
19.5,77.5,0.169,1.14,82.0
34.3,74.0,0.186,1.11,40.0
15.2,75.4,0.107,1.1,118.0
34.4,79.6,0.291,1.12,16.0
15.9,40.4,0.277,1.1,66.0
32.8,47.8,0.231,1.15,47.0
25.6,63.5,0.183,1.11,69.0
34.9,54.2,0.267,1.14,35.0
16.5,50.9,0.083,1.08,165.0
26.1,47.9,0.248,1.02,50.0
34.4,59.7,0.081,1.08,87.0
25.5,58.8,0.249,1.02,51.0
27.6,38.1,0.119,1.09,83.0
28.9,53.6,0.269,1.07,40.0
24.1,57.7,0.286,1.09,54.0
27.6,58.5,0.087,1.0,93.0
26.7,40.5,0.166,1.03,76.0
33.0,67.1,0.295,1.07,21.0
15.9,31.3,0.171,1.14,96.0
20.6,47.7,0.266,1.06,67.0
34.0,69.0,0.197,1.06,39.0
32.8,58.2,0.144,1.11,52.0
24.1,43.1,0.121,1.09,99.0
27.4,64.7,0.101,1.04,82.0
20.5,58.4,0.24,1.06,63.0
18.8,69.8,0.147,1.03,107.0
24.3,66.8,0.178,1.14,79.0
22.1,60.5,0.173,1.02,88.0
26.7,54.4,0.194,1.06,56.0
16.6,36.7,0.266,1.0,86.0
34.5,43.1,0.295,1.03,25.0
34.7,51.0,0.152,1.12,43.0
29.0,60.0,0.257,1.03,23.0
25.7,55.7,0.241,1.01,65.0
21.2,44.4,0.193,1.07,69.0
31.3,30.3,0.289,1.0,39.0
28.7,54.8,0.1,1.01,78.0
18.3,44.3,0.077,1.12,161.0
33.2,66.7,0.263,1.12,30.0
31.5,31.2,0.16,1.14,49.0
34.0,59.2,0.262,1.13,37.0
29.5,77.1,0.273,1.1,24.0
27.3,38.7,0.066,1.01,116.0
23.4,53.6,0.271,1.12,36.0
33.7,34.6,0.162,1.13,42.0
32.3,61.3,0.178,1.12,49.0
15.9,57.5,0.207,1.08,72.0
15.5,50.4,0.282,1.03,62.0
22.5,56.1,0.055,1.13,161.0
31.2,74.8,0.169,1.11,45.0
34.7,39.8,0.222,1.15,56.0
18.0,31.1,0.231,1.02,94.0
26.9,73.1,0.223,1.03,42.0
22.6,58.9,0.084,1.03,126.0
34.4,74.5,0.125,1.12,60.0
31.8,59.8,0.14,1.03,54.0
31.8,70.5,0.251,1.01,24.0
24.4,51.5,0.12,1.15,90.0
23.3,67.5,0.103,1.0,100.0
20.5,75.7,0.289,1.13,50.0
16.1,58.6,0.052,1.05,217.0
32.3,39.0,0.299,1.13,30.0
31.3,43.4,0.219,1.08,37.0
35.0,39.9,0.257,1.14,37.0
34.9,42.3,0.124,1.14,63.0
26.1,45.3,0.054,1.0,135.0
30.4,57.8,0.234,1.01,50.0
33.9,59.4,0.259,1.04,19.0
32.0,51.3,0.235,1.1,36.0
19.9,60.8,0.086,1.13,130.0
24.0,34.1,0.238,1.07,55.0
17.6,34.4,0.242,1.09,73.0
34.1,38.6,0.215,1.03,58.0
27.1,55.9,0.242,1.12,42.0
19.6,40.7,0.261,1.15,86.0
28.4,44.2,0.203,1.04,58.0
27.4,50.0,0.072,1.07,113.0
22.2,70.6,0.172,1.01,77.0
17.3,30.7,0.069,1.08,195.0
28.4,62.5,0.152,1.08,55.0
25.4,63.4,0.152,1.02,62.0
30.4,69.9,0.067,1.07,95.0
25.4,76.6,0.137,1.05,74.0
32.0,31.0,0.078,1.08,79.0
26.0,37.7,0.252,1.09,53.0
26.2,74.3,0.287,1.0,54.0
32.5,52.9,0.068,1.11,96.0
23.1,58.2,0.289,1.11,48.0
17.7,63.2,0.181,1.05,83.0
15.6,64.0,0.125,1.01,130.0
30.1,76.6,0.069,1.11,92.0
27.4,79.8,0.175,1.14,71.0
29.1,66.0,0.249,1.04,57.0
19.3,44.4,0.227,1.05,76.0
17.7,74.0,0.063,1.03,175.0
15.3,32.5,0.068,1.09,199.0
22.0,41.6,0.151,1.02,96.0
26.8,74.9,0.124,1.05,69.0
22.8,42.8,0.108,1.1,100.0
23.7,41.0,0.12,1.08,84.0
33.1,36.9,0.251,1.06,43.0
22.0,73.0,0.282,1.06,56.0
25.3,55.0,0.151,1.08,63.0
30.7,63.7,0.277,1.0,32.0
22.9,42.0,0.13,1.01,81.0
27.4,67.9,0.169,1.13,52.0
32.2,68.0,0.107,1.01,73.0
34.0,45.6,0.21,1.11,36.0
17.9,50.5,0.295,1.14,62.0
33.5,40.5,0.201,1.04,32.0
24.8,78.8,0.139,1.06,76.0
20.2,62.3,0.212,1.09,70.0
24.2,76.7,0.081,1.13,107.0
34.6,45.2,0.272,1.14,32.0
24.9,69.1,0.176,1.11,66.0
21.6,68.3,0.162,1.01,73.0
27.7,64.6,0.196,1.1,42.0
19.8,78.3,0.206,1.06,85.0
16.5,49.7,0.068,1.07,174.0
17.6,36.5,0.221,1.01,81.0
17.6,63.6,0.11,1.03,131.0
18.0,66.5,0.228,1.12,101.0
17.8,58.8,0.256,1.07,60.0
27.8,40.3,0.251,1.05,53.0
18.6,55.2,0.188,1.06,78.0
21.9,45.6,0.18,1.13,73.0
32.9,51.4,0.086,1.11,75.0
24.5,62.3,0.244,1.04,44.0
28.4,67.3,0.118,1.02,74.0
18.4,41.6,0.174,1.04,80.0
18.8,50.3,0.121,1.14,120.0
15.8,43.5,0.083,1.09,163.0
18.4,39.9,0.207,1.08,86.0
20.6,69.2,0.064,1.09,151.0
18.5,75.5,0.237,1.05,65.0
16.8,48.5,0.129,1.12,120.0
17.4,67.6,0.05,1.08,197.0
24.2,74.8,0.178,1.02,62.0
19.1,72.3,0.062,1.02,160.0
22.3,39.1,0.119,1.08,94.0
25.1,77.8,0.227,1.14,34.0
28.8,48.8,0.066,1.05,124.0
15.8,47.0,0.26,1.13,72.0
31.0,33.1,0.051,1.11,136.0
27.6,54.3,0.112,1.04,91.0
16.6,35.5,0.235,1.01,72.0
32.5,42.4,0.129,1.02,55.0
33.4,45.8,0.075,1.11,108.0
16.2,70.4,0.14,1.03,124.0
20.5,73.8,0.118,1.06,102.0
31.1,45.1,0.261,1.08,43.0
30.0,72.9,0.128,1.11,59.0
18.7,72.9,0.247,1.02,69.0
19.2,68.2,0.273,1.06,55.0
22.4,37.3,0.158,1.07,68.0
24.7,64.5,0.277,1.08,37.0
27.4,77.3,0.144,1.12,65.0
22.4,64.1,0.291,1.03,42.0
24.3,46.6,0.072,1.12,127.0
29.9,55.0,0.222,1.1,37.0
15.7,62.3,0.173,1.08,92.0
20.0,55.5,0.147,1.1,100.0
29.3,36.0,0.208,1.06,55.0
32.9,45.6,0.226,1.02,42.0
25.2,70.1,0.051,1.1,155.0
25.6,73.1,0.092,1.08,102.0
17.1,36.9,0.228,1.1,93.0
23.9,77.6,0.217,1.05,52.0
25.7,46.4,0.292,1.14,44.0
19.8,63.1,0.24,1.09,55.0
20.4,67.6,0.288,1.01,52.0
22.5,70.6,0.226,1.07,67.0
15.4,77.3,0.125,1.11,132.0
21.4,45.6,0.076,1.12,145.0
19.2,72.9,0.245,1.07,50.0
21.5,36.6,0.211,1.13,81.0
17.4,65.3,0.062,1.04,165.0
32.8,67.1,0.14,1.06,62.0
26.9,63.9,0.289,1.13,38.0
28.6,42.6,0.175,1.13,66.0
30.8,73.7,0.158,1.1,42.0
25.0,38.4,0.164,1.13,83.0
16.7,32.7,0.102,1.01,128.0
25.7,65.9,0.142,1.13,68.0
26.7,53.8,0.142,1.05,64.0
29.9,72.5,0.063,1.03,93.0
23.6,49.2,0.242,1.04,59.0
17.6,38.4,0.154,1.06,118.0
20.7,71.8,0.256,1.04,80.0
22.3,57.4,0.263,1.05,57.0
27.9,39.5,0.103,1.02,98.0
26.4,66.0,0.214,1.04,55.0
22.1,55.6,0.168,1.09,82.0
34.7,60.2,0.27,1.07,28.0
27.1,53.0,0.104,1.05,90.0
19.7,71.4,0.219,1.11,73.0
17.0,71.5,0.202,1.13,77.0
18.1,65.5,0.124,1.11,111.0
19.9,35.3,0.084,1.05,139.0
18.2,71.9,0.213,1.11,82.0
18.7,63.6,0.235,1.02,61.0
20.7,64.9,0.129,1.02,97.0
18.5,48.1,0.211,1.05,95.0
32.9,74.0,0.149,1.12,60.0
16.6,66.3,0.228,1.04,89.0
25.5,35.6,0.1,1.01,101.0
23.2,50.4,0.273,1.02,57.0
34.6,74.3,0.122,1.13,63.0
17.2,32.4,0.142,1.1,124.0
23.0,78.1,0.065,1.04,122.0
34.4,64.0,0.078,1.08,68.0
32.3,61.6,0.179,1.08,58.0
31.3,43.5,0.117,1.1,69.0
20.2,42.4,0.259,1.03,60.0
18.4,77.1,0.054,1.13,177.0
28.4,44.9,0.145,1.05,64.0
33.6,68.8,0.134,1.1,43.0
26.1,49.7,0.055,1.0,158.0
26.4,37.0,0.081,1.06,110.0
20.6,30.5,0.153,1.05,93.0
30.4,57.2,0.173,1.08,58.0
18.7,78.8,0.151,1.01,100.0
21.5,48.5,0.183,1.12,85.0
23.5,47.9,0.199,1.03,76.0
25.2,47.2,0.052,1.1,146.0
19.8,56.0,0.166,1.12,84.0
17.3,52.0,0.291,1.08,72.0
27.2,74.0,0.18,1.11,52.0
20.8,55.3,0.219,1.1,69.0
26.6,55.4,0.128,1.05,81.0
18.1,36.9,0.243,1.12,82.0
24.6,79.1,0.243,1.04,35.0
25.7,42.5,0.18,1.09,72.0
16.0,33.7,0.294,1.11,71.0
21.7,63.2,0.081,1.06,133.0
17.7,59.8,0.054,1.05,201.0
16.3,50.8,0.243,1.07,92.0
34.8,51.1,0.252,1.12,45.0
21.4,69.3,0.08,1.14,139.0
31.2,39.8,0.116,1.08,84.0
20.1,71.0,0.054,1.1,177.0
28.6,62.4,0.123,1.14,73.0
30.2,50.9,0.243,1.01,50.0
26.9,52.9,0.179,1.03,67.0
24.4,42.8,0.137,1.11,81.0
23.2,67.6,0.143,1.12,84.0
22.0,55.6,0.05,1.13,173.0
33.6,46.0,0.125,1.06,55.0
31.6,59.8,0.212,1.01,54.0
34.3,79.8,0.294,1.07,26.0
17.5,51.8,0.262,1.03,87.0
29.6,76.0,0.056,1.04,104.0
33.8,47.3,0.275,1.12,30.0
18.6,32.7,0.246,1.01,74.0
16.3,40.2,0.245,1.12,89.0
29.8,50.9,0.164,1.06,61.0
26.5,41.0,0.15,1.09,76.0
31.8,30.0,0.126,1.01,60.0
17.8,75.8,0.066,1.05,158.0
30.9,72.2,0.107,1.01,73.0
19.0,67.1,0.112,1.14,103.0
18.3,38.4,0.171,1.12,90.0
18.3,36.0,0.237,1.07,80.0
31.3,33.4,0.168,1.03,50.0
28.3,66.2,0.064,1.14,126.0
25.5,76.4,0.289,1.05,51.0
22.2,51.5,0.286,1.02,42.0
32.5,36.0,0.246,1.08,34.0
22.8,55.6,0.298,1.14,32.0
31.3,47.4,0.186,1.0,45.0
23.8,48.7,0.291,1.04,57.0
22.5,61.1,0.069,1.14,134.0
24.3,65.9,0.141,1.03,82.0
21.0,35.5,0.106,1.02,103.0
30.0,31.8,0.099,1.09,92.0
25.1,79.7,0.085,1.13,100.0
19.6,41.6,0.206,1.07,78.0
33.0,32.7,0.245,1.15,41.0
22.7,39.5,0.195,1.1,62.0
25.9,31.9,0.087,1.01,100.0
33.1,49.6,0.253,1.15,45.0
27.5,70.1,0.209,1.06,54.0
17.3,47.1,0.147,1.04,114.0
33.8,52.2,0.219,1.08,43.0
27.6,63.8,0.115,1.05,80.0
21.7,55.4,0.136,1.01,78.0
17.8,73.1,0.279,1.0,60.0
30.9,73.3,0.123,1.07,64.0
27.4,30.5,0.167,1.13,83.0
25.7,68.9,0.273,1.09,50.0
32.9,53.0,0.227,1.15,52.0
30.8,79.4,0.066,1.04,104.0
18.0,54.2,0.087,1.04,138.0
21.2,79.3,0.052,1.02,171.0
20.0,67.7,0.208,1.02,73.0
29.9,42.4,0.162,1.04,53.0
15.7,56.9,0.084,1.12,158.0
26.4,79.6,0.289,1.14,37.0
30.2,72.9,0.182,1.15,62.0
32.5,34.9,0.11,1.03,56.0
21.8,65.3,0.175,1.13,84.0
31.4,47.3,0.22,1.05,37.0
17.2,30.3,0.069,1.02,165.0
31.9,50.2,0.119,1.13,77.0
17.5,41.7,0.252,1.1,80.0
22.9,70.9,0.165,1.02,83.0
30.9,46.9,0.187,1.06,58.0
18.0,71.4,0.158,1.04,110.0
19.6,30.0,0.061,1.11,178.0
29.4,45.4,0.091,1.07,88.0
29.4,42.1,0.161,1.15,65.0
27.8,41.7,0.102,1.01,99.0
28.9,33.4,0.062,1.05,114.0
25.9,39.4,0.261,1.07,47.0
20.0,57.8,0.295,1.08,55.0
21.9,44.6,0.248,1.05,45.0
18.6,50.9,0.263,1.11,68.0
33.2,48.8,0.11,1.13,53.0
26.7,73.8,0.29,1.14,40.0
23.0,75.3,0.099,1.12,110.0
24.2,54.6,0.288,1.13,45.0
33.9,46.5,0.299,1.08,46.0
18.1,35.3,0.228,1.12,67.0
26.7,77.7,0.295,1.05,48.0
25.1,33.0,0.192,1.06,72.0
27.2,44.9,0.115,1.05,70.0
15.4,44.9,0.159,1.07,131.0
32.4,46.0,0.198,1.04,46.0
33.6,38.2,0.068,1.14,87.0
26.3,69.2,0.206,1.05,43.0
28.9,36.1,0.295,1.01,41.0
33.4,61.7,0.098,1.08,69.0
29.1,36.2,0.248,1.01,48.0
18.1,33.5,0.277,1.02,68.0
26.5,75.5,0.286,1.03,45.0
27.1,39.5,0.29,1.07,43.0
23.5,71.1,0.18,1.06,52.0
29.7,57.2,0.294,1.12,36.0
33.7,33.9,0.239,1.11,22.0
33.5,77.8,0.09,1.06,74.0
24.0,42.3,0.169,1.05,66.0
17.3,73.0,0.23,1.05,75.0
34.7,38.4,0.112,1.12,76.0
31.8,72.7,0.21,1.01,33.0
17.5,30.7,0.217,1.0,93.0
33.4,55.6,0.091,1.12,72.0
32.4,68.5,0.191,1.07,58.0
25.4,76.7,0.243,1.02,45.0
26.8,75.5,0.175,1.04,52.0
23.0,71.0,0.053,1.14,164.0
16.1,74.4,0.052,1.13,207.0
21.7,40.0,0.139,1.11,86.0
31.1,44.2,0.282,1.07,35.0
15.1,44.4,0.107,1.08,143.0
21.7,48.9,0.209,1.15,80.0
23.0,49.7,0.106,1.14,89.0
25.7,57.2,0.13,1.03,80.0
33.4,38.0,0.262,1.12,43.0
21.9,64.6,0.232,1.03,62.0
21.9,38.4,0.074,1.03,150.0
29.8,45.5,0.157,1.1,61.0
24.0,55.2,0.057,1.06,146.0
19.5,69.8,0.17,1.14,88.0
24.0,67.0,0.216,1.01,59.0
17.8,62.3,0.08,1.08,148.0
18.5,37.8,0.122,1.14,120.0
25.0,57.4,0.149,1.14,69.0
23.4,34.4,0.28,1.02,51.0
33.3,48.9,0.298,1.05,29.0
22.2,50.7,0.061,1.09,163.0
26.6,32.0,0.24,1.02,29.0
27.6,43.7,0.143,1.15,75.0
15.3,77.8,0.148,1.14,109.0
28.3,77.7,0.239,1.03,29.0
18.6,47.6,0.28,1.02,68.0
34.2,32.2,0.288,1.01,39.0
18.0,39.0,0.194,1.14,92.0
23.3,49.6,0.139,1.03,64.0
16.7,77.4,0.247,1.06,82.0
34.9,37.1,0.113,1.07,59.0
25.0,68.2,0.191,1.09,66.0
26.9,35.4,0.14,1.01,83.0
16.3,79.1,0.214,1.03,73.0
30.0,49.1,0.11,1.14,82.0
19.2,68.8,0.098,1.14,120.0
33.0,47.1,0.28,1.12,19.0
19.1,61.4,0.075,1.0,158.0
18.8,39.6,0.176,1.05,84.0
15.7,37.3,0.105,1.09,136.0
24.4,76.9,0.06,1.04,134.0
26.3,75.9,0.059,1.14,130.0
16.3,74.4,0.094,1.1,142.0
30.5,61.3,0.267,1.01,42.0
24.1,70.4,0.121,1.14,76.0
25.5,33.5,0.288,1.14,44.0
23.8,46.7,0.195,1.01,66.0
23.0,45.7,0.159,1.08,95.0
26.2,61.8,0.195,1.05,57.0
18.1,47.8,0.179,1.06,99.0
18.6,37.4,0.24,1.03,75.0
32.2,59.8,0.121,1.09,60.0
33.9,70.7,0.138,1.14,50.0
22.5,49.1,0.274,1.08,54.0
20.4,36.6,0.287,1.01,66.0
27.9,39.8,0.273,1.09,57.0
23.2,41.9,0.155,1.05,84.0
15.5,45.0,0.245,1.13,92.0
18.1,62.1,0.169,1.07,83.0
29.3,60.0,0.174,1.03,52.0
28.2,64.8,0.101,1.03,78.0
15.5,48.1,0.198,1.12,96.0
19.4,71.2,0.097,1.04,120.0
19.6,40.2,0.133,1.12,110.0
28.4,53.5,0.264,1.03,36.0
15.4,70.0,0.102,1.05,141.0
17.1,39.0,0.068,1.07,183.0
31.0,35.5,0.067,1.14,89.0
18.6,74.2,0.285,1.14,76.0
28.1,47.1,0.177,1.03,58.0
19.8,64.2,0.152,1.05,74.0
17.0,31.3,0.253,1.02,79.0
19.9,64.5,0.259,1.08,62.0
29.4,45.8,0.133,1.07,69.0
32.1,32.8,0.223,1.14,54.0
31.6,60.5,0.243,1.14,45.0
22.9,42.0,0.214,1.06,69.0
28.4,49.3,0.088,1.07,99.0
19.1,34.0,0.269,1.13,67.0
20.9,37.4,0.185,1.12,95.0
32.9,44.9,0.121,1.0,53.0
15.3,34.5,0.156,1.05,115.0
16.7,75.5,0.059,1.06,189.0
19.2,30.3,0.082,1.03,153.0
15.5,54.2,0.241,1.03,74.0
18.6,36.2,0.05,1.01,189.0
26.7,45.4,0.154,1.1,72.0
23.4,76.3,0.181,1.04,68.0
32.9,38.1,0.064,1.01,113.0
31.3,78.3,0.293,1.03,20.0
21.8,40.3,0.107,1.12,119.0
20.2,67.1,0.126,1.13,119.0
22.6,57.3,0.126,1.07,90.0
26.8,74.2,0.108,1.06,73.0
20.4,57.7,0.05,1.15,181.0
27.5,56.7,0.232,1.03,49.0
23.2,39.8,0.292,1.03,58.0
26.0,38.3,0.106,1.04,89.0
23.7,75.8,0.216,1.03,70.0
20.9,46.4,0.235,1.06,58.0
34.0,48.6,0.262,1.14,21.0
30.3,68.0,0.156,1.09,65.0
17.8,46.9,0.126,1.06,97.0
32.4,77.6,0.131,1.14,55.0
24.7,66.9,0.228,1.01,79.0
32.9,59.9,0.254,1.03,35.0
31.0,74.0,0.095,1.08,67.0
23.5,32.5,0.143,1.09,86.0
15.4,42.9,0.275,1.01,76.0
20.4,53.3,0.252,1.06,65.0
25.8,41.3,0.296,1.1,52.0
27.7,67.2,0.239,1.1,37.0
20.2,76.0,0.148,1.1,101.0
17.8,51.2,0.198,1.05,87.0
31.7,47.1,0.215,1.01,51.0
34.7,78.1,0.07,1.06,76.0
25.5,52.2,0.186,1.02,74.0
18.4,54.5,0.227,1.14,72.0
20.4,47.6,0.092,1.07,129.0
15.4,75.5,0.245,1.05,69.0
33.3,58.4,0.196,1.11,35.0
17.4,68.1,0.288,1.07,69.0
26.5,70.6,0.061,1.05,122.0
20.5,47.1,0.116,1.12,102.0
26.1,51.7,0.2,1.13,54.0
28.0,72.4,0.124,1.1,77.0
31.6,48.2,0.229,1.01,38.0
19.1,69.7,0.24,1.08,66.0
15.2,77.0,0.076,1.11,171.0
17.7,61.2,0.178,1.02,74.0
33.0,67.1,0.177,1.03,33.0
32.5,70.3,0.142,1.13,57.0
26.9,72.3,0.283,1.0,34.0
27.0,49.8,0.257,1.11,56.0
28.3,32.6,0.224,1.07,61.0
18.5,50.1,0.229,1.07,80.0
33.3,63.7,0.165,1.0,62.0
23.4,52.5,0.28,1.12,51.0
22.7,67.4,0.224,1.05,65.0
25.4,47.8,0.232,1.08,51.0
15.9,61.7,0.265,1.1,93.0
18.3,39.3,0.119,1.11,134.0
29.8,67.5,0.252,1.14,40.0
16.7,57.3,0.099,1.08,142.0
27.1,40.2,0.136,1.06,87.0
19.9,44.6,0.134,1.14,101.0
22.8,67.4,0.295,1.1,43.0
20.8,54.1,0.264,1.04,67.0
22.1,40.8,0.225,1.02,67.0
29.4,78.4,0.232,1.13,42.0
20.9,65.8,0.191,1.05,66.0
26.3,77.9,0.287,1.1,26.0
24.5,51.4,0.174,1.07,71.0
28.3,53.8,0.145,1.03,74.0
33.7,74.9,0.091,1.09,69.0
29.7,56.3,0.247,1.01,54.0
19.3,65.4,0.234,1.06,62.0
15.6,42.6,0.146,1.08,107.0
20.2,52.3,0.056,1.07,173.0
26.9,36.2,0.26,1.11,50.0
16.0,40.3,0.053,1.12,222.0
24.9,30.0,0.226,1.12,55.0
26.9,32.0,0.293,1.01,58.0
21.7,78.9,0.159,1.03,93.0
30.4,42.1,0.109,1.08,77.0
17.1,63.2,0.226,1.14,87.0
16.5,72.0,0.254,1.13,63.0
29.6,57.5,0.187,1.13,61.0
24.9,37.7,0.292,1.05,59.0
28.8,66.4,0.063,1.06,120.0
23.7,60.0,0.176,1.07,70.0
19.9,66.6,0.23,1.02,43.0
31.4,68.5,0.266,1.0,30.0
31.0,78.8,0.095,1.14,71.0
28.9,58.7,0.25,1.04,35.0
20.4,47.1,0.188,1.04,80.0
26.8,62.4,0.149,1.01,65.0
22.2,33.4,0.083,1.14,122.0
16.8,74.9,0.266,1.09,59.0
33.3,36.0,0.089,1.1,75.0
17.7,46.4,0.127,1.14,123.0
34.0,70.8,0.123,1.05,51.0
23.9,59.9,0.268,1.09,47.0
18.7,49.7,0.218,1.01,73.0
25.8,53.7,0.249,1.03,53.0
32.5,72.7,0.113,1.12,68.0
29.6,47.0,0.206,1.12,26.0
31.1,73.5,0.193,1.05,53.0
28.2,34.4,0.258,1.06,60.0
28.8,68.8,0.277,1.08,30.0
32.0,72.4,0.053,1.0,103.0
20.0,39.1,0.219,1.04,71.0
24.8,51.5,0.063,1.03,129.0
19.4,38.3,0.187,1.04,86.0
34.8,65.3,0.122,1.12,41.0
33.9,56.8,0.127,1.04,49.0
15.8,61.8,0.138,1.03,127.0
29.1,39.8,0.205,1.08,46.0
33.5,40.6,0.134,1.13,70.0
18.6,32.1,0.233,1.04,80.0
26.4,46.1,0.151,1.01,58.0
33.3,58.0,0.067,1.05,97.0
15.7,72.9,0.246,1.11,75.0
28.9,63.3,0.121,1.08,68.0
20.9,51.8,0.158,1.12,88.0
33.5,77.7,0.221,1.14,39.0
34.4,66.0,0.133,1.12,59.0
33.9,76.5,0.064,1.09,99.0
24.5,56.4,0.143,1.07,82.0
32.2,42.9,0.286,1.01,26.0
31.9,32.6,0.21,1.15,45.0
21.4,66.3,0.218,1.06,89.0
31.6,36.1,0.208,1.02,55.0
15.7,45.1,0.1,1.1,165.0
26.9,56.6,0.155,1.04,79.0
19.6,58.2,0.238,1.09,70.0
17.4,60.0,0.075,1.09,162.0
16.5,38.3,0.119,1.07,127.0
28.9,49.0,0.119,1.13,62.0
21.8,60.9,0.158,1.04,81.0
29.5,78.5,0.295,1.07,43.0
16.3,66.4,0.067,1.08,174.0
21.3,76.1,0.18,1.1,76.0
25.8,68.1,0.095,1.12,103.0
30.8,59.6,0.293,1.06,28.0
21.4,39.6,0.078,1.1,133.0
27.5,63.3,0.151,1.02,57.0
32.7,61.2,0.234,1.14,31.0
27.3,60.1,0.226,1.06,39.0
19.7,54.5,0.156,1.11,84.0
15.5,56.4,0.137,1.0,129.0
32.4,46.7,0.149,1.03,50.0
15.4,56.0,0.116,1.07,133.0
32.5,39.9,0.101,1.13,71.0
25.6,70.3,0.171,1.08,73.0
33.8,39.3,0.117,1.14,76.0
31.0,34.2,0.122,1.07,79.0
35.0,51.8,0.214,1.07,41.0
22.0,62.9,0.292,1.02,50.0
30.3,51.9,0.201,1.12,40.0
23.0,43.8,0.069,1.04,153.0
24.6,57.9,0.069,1.13,121.0
27.6,47.4,0.288,1.14,49.0
32.5,76.6,0.124,1.14,67.0
34.7,76.1,0.073,1.08,75.0
30.4,55.1,0.2,1.1,57.0
23.4,46.4,0.206,1.12,72.0
23.4,66.9,0.212,1.02,74.0
29.8,31.8,0.117,1.09,74.0
19.8,53.7,0.054,1.01,171.0
17.2,46.8,0.291,1.07,63.0
22.1,76.0,0.113,1.02,100.0
20.7,30.6,0.219,1.03,74.0
20.9,57.6,0.227,1.05,63.0
19.7,67.0,0.203,1.06,58.0
15.8,54.3,0.128,1.09,125.0
15.4,34.3,0.118,1.01,151.0
34.8,78.6,0.199,1.08,39.0
23.6,55.9,0.267,1.03,58.0
22.7,60.7,0.287,1.09,56.0
28.6,41.8,0.076,1.1,108.0
19.4,54.2,0.089,1.08,141.0
34.0,51.5,0.286,1.11,35.0
30.7,33.7,0.234,1.05,44.0
16.8,35.3,0.271,1.11,68.0
23.4,71.9,0.101,1.06,99.0
32.6,42.0,0.197,1.07,50.0
33.9,39.7,0.225,1.1,39.0
24.3,55.2,0.22,1.0,61.0
27.3,68.4,0.152,1.1,68.0
18.3,33.1,0.054,1.09,203.0
34.8,58.8,0.196,1.05,50.0
19.6,36.0,0.113,1.01,117.0
33.9,31.8,0.163,1.01,43.0
28.0,32.6,0.289,1.14,43.0
27.2,71.7,0.15,1.1,66.0
25.3,35.9,0.26,1.02,39.0
19.6,32.3,0.097,1.05,140.0
18.5,51.9,0.218,1.09,78.0
19.4,72.2,0.294,1.13,59.0
18.7,43.1,0.075,1.01,166.0
30.6,51.1,0.052,1.04,118.0
22.0,32.0,0.158,1.13,91.0
16.2,52.5,0.073,1.0,172.0
34.4,58.9,0.237,1.03,34.0
32.7,58.5,0.279,1.14,27.0
33.6,46.6,0.159,1.09,66.0
34.9,45.8,0.115,1.04,59.0
18.5,35.3,0.159,1.01,104.0
22.9,48.3,0.231,1.0,47.0
30.2,35.0,0.052,1.04,137.0
28.9,68.3,0.197,1.13,58.0
18.1,78.3,0.203,1.06,77.0
31.3,78.5,0.209,1.11,39.0
19.5,73.3,0.111,1.14,115.0
19.5,60.0,0.229,1.06,88.0
25.7,65.0,0.073,1.03,102.0
26.9,44.3,0.1,1.08,100.0
26.6,61.5,0.269,1.14,37.0
16.8,52.8,0.235,1.12,78.0
32.5,54.1,0.053,1.01,110.0
20.3,67.9,0.112,1.1,104.0
17.6,44.1,0.104,1.09,132.0
32.8,45.9,0.118,1.14,57.0
34.1,76.2,0.112,1.02,67.0
32.2,32.8,0.066,1.08,88.0
31.2,54.3,0.165,1.13,59.0
28.1,75.6,0.233,1.06,41.0
26.0,60.5,0.202,1.07,48.0
16.7,57.3,0.218,1.01,83.0
23.2,42.5,0.07,1.04,124.0
22.5,47.2,0.288,1.05,55.0
20.2,72.6,0.26,1.14,48.0
29.5,58.0,0.251,1.04,46.0
24.9,55.7,0.256,1.07,44.0
16.6,35.0,0.283,1.1,69.0
19.4,30.8,0.186,1.02,89.0
28.7,78.2,0.1,1.07,74.0
16.5,48.8,0.204,1.11,87.0
32.0,60.2,0.236,1.13,27.0
24.9,34.0,0.234,1.09,64.0
24.6,64.2,0.18,1.1,79.0
26.8,76.6,0.067,1.02,137.0
31.5,58.8,0.143,1.14,59.0
22.0,36.3,0.28,1.02,65.0
28.6,59.1,0.196,1.12,38.0
26.3,68.3,0.185,1.04,71.0
20.3,50.3,0.117,1.14,114.0
32.6,74.0,0.142,1.11,49.0
30.9,62.4,0.274,1.11,46.0
28.2,75.0,0.217,1.03,44.0
32.0,61.2,0.247,1.07,34.0
32.3,36.6,0.164,1.09,59.0
29.2,45.5,0.208,1.12,43.0
31.7,40.1,0.112,1.02,81.0
28.9,75.4,0.226,1.14,35.0
28.6,68.0,0.157,1.13,52.0
27.4,63.8,0.161,1.04,56.0
30.1,45.0,0.212,1.12,55.0
18.2,39.2,0.284,1.08,62.0
32.6,67.8,0.066,1.07,83.0
32.4,53.7,0.256,1.05,32.0
15.6,41.3,0.123,1.09,129.0
31.5,60.8,0.161,1.11,44.0
17.6,32.0,0.055,1.06,189.0
21.7,46.3,0.125,1.09,115.0
29.9,53.4,0.176,1.1,48.0
18.2,37.4,0.064,1.11,174.0
31.4,79.2,0.173,1.01,44.0
31.6,40.5,0.282,1.13,35.0
25.1,36.5,0.076,1.07,126.0
15.1,40.2,0.241,1.04,93.0
20.7,68.5,0.152,1.04,83.0
27.3,51.3,0.214,1.07,44.0
34.6,58.3,0.115,1.13,70.0
27.6,31.1,0.09,1.06,99.0
20.2,31.7,0.09,1.11,146.0
27.7,52.3,0.068,1.01,97.0
25.8,70.8,0.096,1.07,96.0
30.6,74.3,0.216,1.15,57.0
17.1,34.3,0.27,1.12,71.0
30.2,56.9,0.254,1.03,39.0
25.8,75.7,0.221,1.08,53.0
34.3,49.4,0.078,1.04,78.0
21.8,71.5,0.122,1.06,92.0
27.7,36.7,0.127,1.12,76.0
33.6,76.8,0.112,1.12,55.0
17.1,67.6,0.179,1.03,100.0
33.7,77.1,0.184,1.14,44.0
28.8,63.8,0.139,1.09,68.0
16.4,48.2,0.138,1.06,121.0
21.0,76.9,0.257,1.08,54.0
29.2,43.8,0.247,1.09,40.0
16.3,46.6,0.127,1.08,117.0
26.6,65.0,0.278,1.07,43.0
21.9,68.3,0.288,1.08,43.0
27.4,76.5,0.132,1.03,66.0
15.9,40.2,0.139,1.12,114.0
32.4,69.9,0.176,1.08,63.0
34.5,66.9,0.285,1.02,10.0
34.4,33.2,0.269,1.11,36.0
30.0,49.4,0.076,1.14,112.0
17.6,44.1,0.148,1.14,106.0
30.2,45.2,0.188,1.06,59.0
15.5,79.1,0.176,1.02,96.0
15.4,62.1,0.098,1.08,140.0
21.5,65.9,0.265,1.02,38.0
24.8,78.8,0.219,1.14,55.0
30.4,48.9,0.259,1.03,35.0
28.7,70.1,0.265,1.04,33.0
23.9,51.7,0.237,1.06,53.0
20.5,73.5,0.16,1.06,97.0
34.9,39.0,0.203,1.12,62.0
23.5,77.4,0.09,1.07,109.0
24.0,40.9,0.218,1.03,59.0
18.3,46.3,0.095,1.04,126.0
30.9,67.8,0.223,1.08,45.0
28.9,49.7,0.107,1.02,96.0
19.4,60.4,0.079,1.09,140.0
16.6,52.2,0.091,1.08,128.0
28.6,67.1,0.05,1.11,137.0
28.1,41.4,0.23,1.14,59.0
20.5,32.9,0.233,1.14,59.0
34.0,45.0,0.179,1.14,49.0
18.0,53.7,0.09,1.04,143.0
23.6,38.4,0.071,1.02,133.0
33.9,47.7,0.055,1.05,99.0
23.4,50.0,0.091,1.13,121.0
27.8,32.9,0.273,1.15,45.0
23.0,59.2,0.11,1.13,87.0
20.5,74.2,0.139,1.02,75.0
34.7,37.6,0.076,1.14,94.0
23.2,59.9,0.106,1.06,106.0
32.9,63.2,0.18,1.0,46.0
19.6,51.0,0.202,1.07,74.0
19.3,65.1,0.111,1.01,109.0
15.6,50.5,0.064,1.08,183.0
28.0,55.2,0.148,1.05,63.0
22.4,30.4,0.109,1.07,92.0
32.3,64.6,0.105,1.09,64.0
24.5,63.1,0.29,1.13,44.0
34.4,31.9,0.204,1.1,50.0
18.7,48.4,0.189,1.07,84.0
32.4,79.0,0.154,1.12,56.0
30.5,51.0,0.157,1.14,69.0
30.4,55.1,0.185,1.02,60.0
31.9,75.5,0.224,1.08,42.0
30.2,65.9,0.226,1.04,43.0
27.5,59.1,0.093,1.01,85.0
17.6,69.9,0.175,1.1,95.0
15.7,73.2,0.153,1.13,119.0
33.4,52.8,0.268,1.02,37.0
27.3,53.8,0.208,1.12,70.0
30.9,49.3,0.183,1.13,40.0
24.6,78.3,0.079,1.14,103.0
17.3,64.9,0.201,1.04,89.0
17.5,34.2,0.079,1.14,161.0
28.7,73.1,0.134,1.05,76.0
23.6,54.0,0.086,1.08,115.0
19.0,33.4,0.223,1.01,71.0
24.8,57.5,0.102,1.01,96.0
16.3,50.9,0.148,1.11,97.0
26.6,73.9,0.274,1.07,33.0
20.4,40.2,0.101,1.04,129.0
31.0,71.3,0.177,1.03,56.0
21.2,57.9,0.155,1.1,88.0
24.1,32.7,0.055,1.0,142.0
15.2,78.6,0.248,1.12,73.0
16.4,55.6,0.067,1.01,170.0
22.8,44.5,0.169,1.03,87.0
24.6,53.5,0.19,1.06,60.0
27.0,72.9,0.207,1.07,43.0
20.8,45.2,0.222,1.05,70.0
28.9,39.6,0.113,1.05,75.0
32.2,36.5,0.052,1.14,130.0
30.6,44.9,0.231,1.1,40.0
15.8,69.0,0.184,1.0,82.0
24.6,53.6,0.259,1.06,35.0
17.1,41.4,0.255,1.13,75.0
19.8,38.3,0.261,1.05,62.0
34.7,46.6,0.171,1.01,36.0
17.8,77.0,0.133,1.11,114.0
25.0,47.2,0.248,1.09,59.0
27.4,79.4,0.163,1.09,59.0
29.0,54.3,0.096,1.01,97.0
26.2,39.0,0.264,1.02,56.0
15.2,74.6,0.271,1.09,65.0
21.5,53.0,0.167,1.03,73.0
25.4,65.5,0.069,1.08,129.0
16.8,79.2,0.147,1.08,105.0
22.0,32.5,0.251,1.04,65.0
15.7,34.8,0.275,1.14,71.0
16.6,66.0,0.101,1.13,140.0
22.9,44.1,0.067,1.11,136.0
17.7,39.2,0.269,1.01,71.0
26.4,32.0,0.147,1.02,88.0
28.8,31.1,0.185,1.07,55.0
31.0,68.7,0.292,1.02,20.0
19.0,36.7,0.067,1.15,158.0
18.3,53.4,0.212,1.02,86.0
17.1,60.3,0.069,1.07,174.0
27.7,51.4,0.144,1.05,69.0
29.1,31.4,0.251,1.1,44.0
15.6,69.2,0.158,1.02,108.0
33.7,30.5,0.299,1.06,29.0
16.0,68.1,0.19,1.04,93.0
25.8,74.7,0.13,1.13,70.0
29.2,51.6,0.105,1.01,74.0
32.4,56.8,0.138,1.14,53.0
29.3,53.8,0.143,1.12,62.0
31.0,49.5,0.067,1.04,102.0
21.8,74.4,0.142,1.12,87.0
31.3,74.7,0.166,1.0,20.0
16.6,46.8,0.231,1.15,75.0
32.9,60.8,0.214,1.08,37.0
26.0,76.3,0.227,1.05,61.0
31.3,78.1,0.052,1.05,105.0
24.0,55.4,0.104,1.01,101.0
27.9,52.6,0.215,1.15,64.0
25.5,43.9,0.171,1.01,59.0
29.6,77.9,0.051,1.1,126.0
16.6,37.1,0.251,1.07,72.0
16.2,59.0,0.243,1.14,73.0
19.9,44.1,0.187,1.04,75.0
18.2,44.0,0.067,1.08,165.0
32.4,50.2,0.242,1.07,61.0
19.4,79.9,0.196,1.11,81.0
34.5,32.7,0.245,1.01,48.0
21.7,58.9,0.238,1.03,65.0
18.6,34.1,0.251,1.03,60.0
30.8,37.7,0.18,1.11,58.0
28.2,52.0,0.085,1.03,106.0
25.0,55.5,0.218,1.09,51.0
26.1,42.9,0.205,1.03,68.0
29.4,45.8,0.236,1.13,53.0
19.6,34.3,0.092,1.14,148.0
34.9,45.2,0.099,1.08,66.0
34.5,78.3,0.273,1.05,19.0
28.0,77.2,0.237,1.04,40.0
19.0,46.7,0.277,1.01,76.0
28.6,58.5,0.24,1.04,31.0
16.4,75.5,0.199,1.1,68.0
15.6,30.3,0.214,1.08,93.0
20.2,70.5,0.272,1.14,54.0
24.3,77.4,0.195,1.06,60.0
32.4,34.6,0.208,1.1,55.0
29.5,38.1,0.089,1.07,88.0
29.9,78.0,0.168,1.08,37.0
23.5,56.9,0.229,1.04,75.0
21.9,30.7,0.118,1.07,97.0
22.4,42.9,0.101,1.07,103.0
34.8,52.5,0.128,1.11,65.0
15.8,64.6,0.11,1.14,129.0
32.3,66.7,0.104,1.05,69.0
26.6,79.8,0.156,1.01,67.0
23.8,44.4,0.277,1.07,62.0
29.5,56.9,0.177,1.08,52.0
24.7,56.7,0.097,1.03,113.0
32.5,50.3,0.069,1.11,78.0
33.0,38.5,0.224,1.15,49.0
23.4,78.9,0.146,1.14,70.0
20.5,72.7,0.255,1.03,70.0
26.8,54.9,0.215,1.13,55.0
33.2,60.2,0.249,1.11,30.0
19.2,41.4,0.118,1.07,120.0
27.5,57.2,0.223,1.08,58.0
27.6,64.7,0.116,1.13,83.0
29.7,55.8,0.285,1.07,30.0
17.6,79.5,0.209,1.06,73.0
29.3,60.6,0.131,1.07,68.0
33.2,48.5,0.117,1.09,65.0
18.6,68.6,0.098,1.03,133.0
19.8,38.5,0.224,1.14,58.0
34.4,49.2,0.105,1.1,69.0
18.6,47.3,0.199,1.09,80.0
32.1,51.6,0.116,1.01,61.0
24.8,69.1,0.215,1.09,50.0
19.9,54.2,0.254,1.02,63.0
32.4,69.7,0.245,1.01,10.0
23.9,58.8,0.24,1.08,50.0
25.3,47.1,0.097,1.06,94.0
22.2,70.5,0.072,1.09,138.0
26.9,41.9,0.225,1.01,48.0
18.3,41.2,0.142,1.06,104.0
22.8,55.2,0.158,1.03,91.0
34.4,43.0,0.058,1.15,109.0
20.2,30.5,0.115,1.08,121.0
28.1,62.4,0.058,1.1,119.0
21.5,55.6,0.27,1.05,62.0
30.5,52.3,0.111,1.01,73.0
17.6,78.3,0.189,1.15,81.0
34.4,58.6,0.06,1.04,99.0
24.1,73.2,0.217,1.06,52.0
19.7,37.0,0.131,1.1,118.0
16.5,58.5,0.274,1.0,69.0
18.4,73.4,0.272,1.12,67.0
25.4,59.2,0.131,1.08,91.0
21.7,65.9,0.275,1.04,62.0
31.6,48.6,0.299,1.01,24.0
23.6,34.6,0.256,1.02,62.0
20.0,52.9,0.261,1.13,70.0
27.3,49.7,0.112,1.1,91.0
29.1,73.4,0.194,1.04,40.0
18.3,42.2,0.067,1.01,165.0
18.4,78.3,0.074,1.1,160.0
15.7,77.9,0.3,1.09,58.0
29.7,42.4,0.132,1.06,68.0
28.3,47.4,0.237,1.05,61.0
24.5,74.8,0.252,1.03,49.0
31.9,78.3,0.265,1.1,26.0
31.1,52.2,0.299,1.15,28.0
26.7,46.0,0.11,1.03,91.0
32.4,56.3,0.06,1.09,93.0
19.1,64.4,0.153,1.06,91.0
17.2,43.7,0.083,1.07,158.0
20.4,66.8,0.056,1.04,181.0
16.1,32.6,0.14,1.12,123.0
25.6,32.5,0.246,1.07,50.0
33.7,49.3,0.192,1.08,54.0
15.8,47.7,0.128,1.05,121.0
17.4,45.8,0.214,1.03,73.0
24.0,54.6,0.108,1.01,96.0
33.7,46.0,0.054,1.11,120.0
21.3,39.6,0.241,1.03,67.0
25.1,45.5,0.206,1.1,62.0
15.8,78.7,0.241,1.06,88.0
18.0,50.6,0.06,1.06,172.0
34.7,52.2,0.259,1.07,23.0
34.3,58.8,0.205,1.06,27.0
15.1,79.2,0.191,1.02,95.0
34.0,42.1,0.206,1.05,45.0
27.8,64.1,0.266,1.1,55.0
32.4,65.8,0.197,1.1,45.0
24.1,60.4,0.195,1.04,60.0
25.3,34.4,0.298,1.07,49.0
24.8,63.8,0.239,1.03,54.0
28.3,33.2,0.161,1.03,53.0
17.8,59.8,0.227,1.0,97.0
15.6,67.0,0.147,1.13,114.0
21.2,40.5,0.107,1.03,114.0
29.1,72.1,0.199,1.03,53.0
19.0,31.5,0.282,1.04,73.0
28.5,72.2,0.282,1.02,36.0
34.4,53.0,0.135,1.1,50.0
16.9,40.9,0.182,1.01,100.0
28.5,36.7,0.103,1.02,91.0
23.9,77.7,0.299,1.1,37.0
32.4,33.6,0.295,1.05,49.0
18.5,40.0,0.212,1.11,83.0
28.9,47.4,0.251,1.08,51.0
31.8,61.0,0.229,1.04,51.0
33.9,57.2,0.198,1.1,42.0
28.7,36.3,0.063,1.02,122.0
24.9,44.5,0.164,1.08,79.0
27.4,41.9,0.219,1.07,49.0
32.4,40.7,0.219,1.04,45.0
26.4,50.6,0.143,1.09,75.0
15.6,65.2,0.285,1.13,62.0
33.6,40.9,0.092,1.15,96.0
28.8,48.3,0.175,1.09,47.0
28.5,49.5,0.223,1.06,39.0
19.3,78.8,0.224,1.03,78.0
28.2,77.7,0.212,1.04,52.0
22.9,70.0,0.119,1.07,84.0
28.0,42.1,0.089,1.06,102.0
17.1,33.4,0.209,1.14,99.0
28.2,45.8,0.2,1.06,55.0
35.0,43.3,0.095,1.06,92.0
16.0,55.3,0.226,1.06,69.0
34.5,68.9,0.164,1.13,50.0
23.1,72.9,0.217,1.1,68.0
32.4,72.2,0.259,1.09,40.0
30.6,48.0,0.092,1.05,83.0
26.3,64.4,0.055,1.12,135.0
29.8,45.6,0.245,1.01,48.0
32.6,33.0,0.202,1.13,55.0
23.1,65.1,0.225,1.08,64.0
21.5,30.5,0.26,1.06,72.0
28.4,50.5,0.251,1.07,38.0
31.2,46.5,0.29,1.1,35.0
30.2,64.7,0.184,1.0,43.0
31.0,68.3,0.172,1.13,47.0
23.7,45.2,0.15,1.07,89.0
31.4,70.6,0.088,1.05,81.0
17.4,44.7,0.193,1.02,110.0
25.9,52.3,0.119,1.07,86.0
15.1,66.4,0.28,1.07,72.0
21.5,64.6,0.196,1.06,71.0
22.3,79.4,0.198,1.1,59.0
22.9,41.3,0.139,1.06,88.0
28.9,63.1,0.063,1.14,122.0
22.8,60.5,0.058,1.09,154.0
24.0,75.8,0.156,1.12,66.0
19.8,37.8,0.071,1.02,148.0
22.5,67.6,0.202,1.06,62.0
19.5,58.4,0.27,1.05,63.0
16.5,43.7,0.271,1.09,83.0
27.1,53.7,0.215,1.13,43.0
28.4,46.7,0.103,1.01,84.0
27.4,59.0,0.266,1.01,45.0
24.3,74.5,0.272,1.13,32.0
22.6,58.5,0.099,1.03,102.0
32.3,61.6,0.234,1.1,33.0
25.4,55.9,0.122,1.08,78.0
24.6,32.6,0.251,1.12,59.0
15.5,41.6,0.299,1.02,71.0
21.8,54.6,0.058,1.02,156.0
22.6,45.5,0.274,1.08,60.0
23.0,39.1,0.206,1.14,82.0
26.6,55.2,0.293,1.06,56.0
25.7,46.1,0.166,1.05,54.0
27.2,42.9,0.262,1.09,53.0
30.3,53.2,0.066,1.14,105.0
31.3,36.7,0.134,1.13,68.0
29.4,76.4,0.067,1.15,101.0
34.1,73.4,0.294,1.0,28.0
15.4,65.4,0.254,1.02,78.0
18.9,35.3,0.263,1.09,65.0
15.2,68.8,0.284,1.12,63.0
27.9,70.4,0.071,1.04,103.0
33.0,68.4,0.146,1.04,54.0
19.9,35.7,0.068,1.12,165.0
33.5,62.2,0.103,1.01,74.0
16.2,71.7,0.107,1.06,127.0
33.7,58.9,0.167,1.08,50.0
22.0,62.3,0.117,1.08,106.0
17.0,52.9,0.075,1.11,173.0
24.7,56.4,0.092,1.05,105.0
20.1,31.7,0.087,1.09,134.0
20.7,61.9,0.293,1.09,56.0
21.1,34.1,0.24,1.08,59.0
31.1,51.8,0.292,1.1,35.0
25.8,44.6,0.16,1.04,77.0
21.2,57.3,0.12,1.01,107.0
27.2,36.7,0.25,1.02,49.0
29.3,64.6,0.132,1.03,68.0
20.5,69.8,0.125,1.08,93.0
23.3,38.2,0.108,1.13,109.0
17.4,35.2,0.082,1.11,155.0
18.6,37.3,0.114,1.12,118.0
28.6,73.9,0.139,1.05,61.0
18.6,56.4,0.218,1.06,75.0
25.5,53.4,0.066,1.06,124.0
29.2,35.3,0.103,1.03,91.0
17.1,62.5,0.252,1.01,68.0
26.3,73.4,0.087,1.09,112.0
20.1,71.4,0.136,1.15,106.0
34.3,61.3,0.266,1.03,25.0
24.7,33.8,0.089,1.01,113.0
31.1,35.6,0.071,1.12,96.0
26.0,32.5,0.171,1.04,67.0
15.9,42.9,0.126,1.12,141.0
27.7,36.8,0.191,1.11,58.0
34.0,43.0,0.251,1.14,40.0
27.0,49.3,0.084,1.06,107.0
31.4,77.1,0.195,1.1,35.0
32.7,60.5,0.176,1.07,41.0
19.6,71.7,0.086,1.09,122.0
19.2,65.5,0.206,1.07,67.0
27.2,35.6,0.118,1.03,61.0
23.2,66.8,0.172,1.08,75.0
31.8,43.8,0.071,1.08,114.0
33.0,62.0,0.165,1.12,50.0
22.1,47.0,0.127,1.11,85.0
19.7,79.9,0.256,1.1,54.0
30.6,43.2,0.064,1.02,105.0
20.5,44.0,0.155,1.11,82.0
31.5,76.5,0.165,1.08,56.0
23.5,31.2,0.231,1.13,70.0
28.4,64.8,0.194,1.14,43.0
16.9,66.3,0.217,1.01,85.0
27.5,71.8,0.244,1.12,56.0
24.0,78.7,0.266,1.01,63.0
26.7,78.8,0.128,1.06,96.0
18.4,33.3,0.185,1.08,83.0
29.7,71.1,0.26,1.02,61.0
32.3,62.3,0.297,1.11,29.0
19.3,62.4,0.272,1.0,57.0
16.9,36.4,0.143,1.03,115.0
15.5,62.5,0.099,1.09,140.0
27.8,79.1,0.172,1.11,59.0
27.1,75.6,0.235,1.14,35.0
25.9,52.0,0.173,1.11,64.0
19.6,32.0,0.171,1.1,101.0
22.8,48.1,0.26,1.06,57.0
26.9,71.3,0.14,1.0,70.0
24.9,65.1,0.265,1.02,52.0
34.8,53.0,0.152,1.08,59.0
17.7,32.8,0.132,1.1,101.0
28.9,51.3,0.163,1.06,65.0
23.1,53.5,0.241,1.11,56.0
23.6,76.4,0.082,1.08,116.0
29.4,62.1,0.099,1.01,90.0
28.8,45.6,0.288,1.03,32.0
34.8,56.3,0.094,1.13,61.0
17.6,33.3,0.192,1.11,75.0
17.1,78.6,0.195,1.13,78.0
29.5,48.0,0.172,1.02,68.0
26.6,53.9,0.211,1.15,54.0
20.5,47.8,0.107,1.03,103.0
16.6,64.1,0.188,1.0,86.0
16.7,63.1,0.143,1.15,96.0
32.9,65.8,0.215,1.04,30.0
18.8,43.4,0.085,1.1,145.0
21.5,45.8,0.193,1.03,65.0
19.5,36.3,0.096,1.09,138.0
22.1,62.8,0.12,1.14,96.0
16.4,32.0,0.105,1.05,141.0
25.4,59.9,0.096,1.1,97.0
16.4,73.5,0.256,1.03,77.0
31.0,74.5,0.121,1.09,70.0
19.7,52.5,0.282,1.05,64.0
25.8,53.0,0.292,1.03,50.0
32.6,33.8,0.193,1.05,48.0
28.0,63.5,0.086,1.03,99.0
25.7,71.1,0.144,1.14,69.0
21.5,42.2,0.249,1.06,63.0
21.7,51.1,0.142,1.04,88.0
28.4,71.9,0.072,1.07,100.0
34.9,73.9,0.189,1.05,33.0
28.2,42.2,0.261,1.11,50.0
26.2,57.5,0.249,1.15,60.0
29.6,39.6,0.094,1.07,98.0
24.3,35.1,0.218,1.13,53.0
16.2,75.6,0.105,1.08,142.0
26.2,71.0,0.105,1.02,85.0
34.2,68.0,0.269,1.1,35.0
18.5,32.4,0.112,1.08,116.0
28.8,72.2,0.116,1.1,74.0
19.0,51.9,0.05,1.13,198.0
25.7,47.1,0.268,1.07,38.0
16.9,57.3,0.248,1.14,79.0
24.0,34.6,0.207,1.11,77.0
30.1,67.8,0.238,1.07,39.0
22.0,59.1,0.088,1.09,131.0
28.3,39.3,0.165,1.05,63.0
30.9,39.4,0.138,1.15,72.0
33.5,39.2,0.073,1.1,72.0
19.7,32.9,0.172,1.01,109.0
23.0,59.4,0.28,1.05,64.0
18.0,72.0,0.06,1.09,175.0
34.8,30.9,0.123,1.01,47.0
33.5,32.5,0.102,1.0,76.0
25.8,58.6,0.11,1.07,77.0
31.8,71.0,0.277,1.05,36.0
25.4,46.3,0.167,1.07,73.0
27.5,47.5,0.167,1.04,57.0
16.8,59.8,0.24,1.02,85.0
30.1,43.7,0.089,1.1,96.0
17.6,31.3,0.172,1.08,106.0
31.5,66.8,0.157,1.03,53.0
30.6,61.3,0.199,1.05,36.0
29.2,59.0,0.3,1.09,45.0
15.7,67.1,0.242,1.01,75.0
21.1,63.8,0.149,1.02,75.0
20.3,40.3,0.257,1.01,77.0
22.2,47.6,0.093,1.12,134.0
16.8,36.3,0.058,1.11,199.0
33.7,36.5,0.101,1.11,90.0
26.1,63.8,0.135,1.11,76.0
21.1,72.9,0.178,1.1,72.0
22.9,78.1,0.204,1.07,56.0
23.9,61.4,0.278,1.1,62.0
27.0,39.2,0.177,1.01,58.0
25.3,35.3,0.175,1.09,76.0
33.4,70.6,0.063,1.12,90.0
24.9,58.9,0.059,1.08,136.0
34.8,60.9,0.188,1.05,49.0
32.0,69.1,0.16,1.04,48.0
19.2,65.2,0.26,1.1,60.0
33.6,71.7,0.09,1.1,81.0
17.3,32.8,0.056,1.13,212.0
31.3,67.4,0.162,1.05,57.0
22.6,72.5,0.109,1.12,93.0
32.6,44.3,0.062,1.08,98.0
32.4,62.0,0.231,1.13,39.0
31.1,45.7,0.078,1.08,96.0
30.8,77.9,0.202,1.08,35.0
21.1,31.7,0.12,1.09,112.0
16.6,59.0,0.093,1.11,145.0
23.1,38.3,0.145,1.14,73.0
18.5,65.6,0.25,1.01,60.0
28.9,38.8,0.148,1.01,64.0
21.9,41.8,0.238,1.14,64.0
34.5,54.7,0.081,1.08,93.0
27.8,75.7,0.243,1.09,45.0
31.4,40.6,0.109,1.07,68.0
17.7,37.2,0.219,1.01,84.0
32.2,67.9,0.191,1.12,41.0
33.5,55.0,0.282,1.11,35.0
24.7,75.6,0.147,1.05,77.0
27.1,37.3,0.067,1.05,132.0
30.3,62.3,0.055,1.13,118.0
18.5,41.6,0.257,1.01,84.0
25.1,37.8,0.181,1.13,76.0
23.0,64.2,0.244,1.04,51.0
17.9,59.7,0.109,1.09,141.0
22.4,67.7,0.136,1.14,89.0
16.4,45.5,0.058,1.1,194.0
15.5,52.4,0.29,1.06,85.0
17.7,50.3,0.217,1.1,97.0
34.3,79.2,0.283,1.05,26.0
26.0,44.6,0.116,1.04,84.0
34.3,44.7,0.203,1.15,41.0
23.6,47.7,0.22,1.11,68.0
21.2,58.2,0.129,1.1,106.0
25.1,42.6,0.262,1.05,57.0
23.8,75.8,0.287,1.01,46.0
17.1,43.3,0.271,1.0,84.0
27.8,74.8,0.235,1.08,42.0
19.3,35.2,0.119,1.11,122.0
27.4,62.8,0.12,1.08,75.0
28.0,75.3,0.291,1.13,40.0
18.0,38.4,0.053,1.01,200.0
16.2,78.4,0.229,1.06,76.0
30.6,52.6,0.227,1.04,41.0
24.2,77.3,0.206,1.07,68.0
16.2,63.8,0.298,1.01,60.0
34.9,45.1,0.128,1.14,52.0
16.2,39.4,0.135,1.03,136.0
28.9,45.2,0.07,1.14,117.0
34.7,34.7,0.161,1.06,33.0
19.8,37.2,0.115,1.15,110.0
17.8,35.2,0.136,1.08,97.0
17.4,51.1,0.259,1.14,64.0
21.1,69.8,0.284,1.0,29.0
17.0,37.1,0.096,1.11,142.0
28.8,36.5,0.143,1.14,61.0
16.2,62.2,0.282,1.02,69.0
25.2,39.9,0.065,1.01,119.0
34.9,34.9,0.073,1.06,87.0
31.3,38.3,0.091,1.14,82.0
27.3,76.2,0.199,1.08,64.0
21.1,71.1,0.088,1.08,134.0
27.5,47.7,0.292,1.02,49.0
25.5,62.8,0.162,1.0,65.0
23.5,56.9,0.175,1.12,87.0
17.6,63.9,0.112,1.01,109.0
32.7,64.1,0.168,1.1,37.0
24.0,61.4,0.215,1.14,59.0
18.9,43.3,0.238,1.03,91.0
22.4,32.0,0.238,1.1,64.0
23.3,52.8,0.194,1.01,66.0
31.6,74.5,0.276,1.09,21.0
29.7,58.5,0.254,1.02,49.0
30.4,71.6,0.239,1.11,47.0
15.2,79.6,0.064,1.05,197.0
23.3,38.2,0.052,1.07,160.0
24.6,64.6,0.103,1.09,90.0
15.4,63.7,0.216,1.03,76.0
20.2,79.0,0.153,1.11,86.0
30.2,79.3,0.151,1.05,47.0
17.7,64.3,0.271,1.1,56.0
25.7,42.2,0.274,1.02,46.0
19.3,69.9,0.277,1.1,55.0
15.2,35.4,0.128,1.02,124.0
19.8,69.0,0.223,1.06,72.0
34.5,75.5,0.118,1.04,57.0
31.0,49.1,0.098,1.11,78.0
34.2,61.5,0.096,1.04,70.0
24.8,51.5,0.136,1.13,74.0
17.2,51.9,0.157,1.13,102.0
26.0,45.5,0.258,1.03,52.0
24.1,68.1,0.08,1.09,104.0
31.9,76.8,0.234,1.01,44.0
17.0,77.0,0.183,1.06,80.0
24.8,38.7,0.122,1.11,91.0
18.0,73.7,0.173,1.1,96.0
21.5,66.9,0.125,1.09,103.0
29.7,42.6,0.199,1.04,53.0
24.5,33.4,0.158,1.06,75.0
22.5,43.4,0.091,1.02,126.0
22.9,75.6,0.079,1.11,126.0
24.2,61.7,0.187,1.08,60.0
30.7,66.1,0.276,1.11,29.0
32.8,42.9,0.136,1.04,44.0
34.1,66.0,0.233,1.05,36.0
30.7,31.4,0.215,1.05,50.0
21.3,48.8,0.283,1.0,66.0
28.8,61.3,0.255,1.05,45.0
23.8,37.3,0.192,1.12,81.0
20.1,71.2,0.214,1.13,63.0
31.8,41.8,0.275,1.08,48.0
15.8,62.6,0.15,1.07,104.0
33.0,50.3,0.132,1.0,66.0
24.2,59.8,0.053,1.13,142.0
27.7,35.4,0.257,1.0,51.0
28.2,30.8,0.25,1.14,34.0
32.9,75.5,0.076,1.07,81.0
27.7,43.5,0.194,1.05,62.0
27.3,71.0,0.166,1.14,56.0
16.3,80.0,0.08,1.0,149.0
25.4,40.6,0.295,1.09,55.0
18.0,43.3,0.104,1.08,129.0
29.7,63.1,0.067,1.03,101.0
25.2,78.3,0.199,1.06,57.0
28.6,75.8,0.235,1.1,64.0
15.8,55.1,0.058,1.11,211.0
16.7,69.8,0.215,1.0,90.0
29.3,36.8,0.183,1.14,61.0
16.4,78.9,0.076,1.02,163.0
16.4,78.2,0.093,1.04,122.0
15.2,38.2,0.192,1.04,93.0
34.1,45.0,0.124,1.01,57.0
29.8,35.0,0.285,1.02,27.0
22.1,43.6,0.255,1.15,52.0
20.9,70.8,0.296,1.05,36.0
22.0,48.9,0.115,1.02,102.0
30.5,34.4,0.292,1.02,47.0
28.2,47.1,0.158,1.11,74.0
18.7,79.1,0.137,1.13,102.0
18.5,61.5,0.063,1.04,164.0
17.0,50.8,0.063,1.0,168.0
28.2,38.3,0.223,1.03,39.0
30.3,79.3,0.164,1.01,41.0
20.3,71.0,0.107,1.02,104.0
15.4,44.1,0.203,1.06,92.0
16.6,33.5,0.113,1.03,124.0
34.4,32.8,0.194,1.08,49.0
20.9,36.0,0.14,1.04,95.0
30.4,59.0,0.256,1.14,40.0
27.5,76.4,0.255,1.14,51.0
22.6,54.8,0.169,1.09,67.0
19.1,72.1,0.138,1.05,101.0
17.4,52.3,0.141,1.06,107.0
27.3,65.4,0.251,1.06,42.0
30.5,66.6,0.132,1.11,70.0
27.9,38.7,0.102,1.07,97.0
25.6,48.1,0.071,1.13,114.0
15.8,61.9,0.167,1.14,99.0
34.4,33.5,0.171,1.05,53.0
31.0,48.1,0.26,1.08,38.0
20.9,56.7,0.105,1.01,117.0
34.6,79.8,0.145,1.03,49.0
27.0,53.7,0.252,1.06,62.0
26.6,70.8,0.256,1.03,32.0
30.0,51.6,0.146,1.13,62.0
31.2,69.8,0.165,1.02,44.0
28.1,59.8,0.126,1.07,78.0
17.6,74.3,0.283,1.09,49.0
21.8,50.5,0.08,1.1,134.0
33.6,60.2,0.283,1.06,26.0
19.5,61.5,0.221,1.13,65.0
22.4,50.9,0.183,1.09,62.0
23.6,37.2,0.058,1.07,148.0
23.8,34.7,0.169,1.01,85.0
27.3,30.8,0.152,1.07,72.0
33.9,73.7,0.09,1.12,76.0
19.8,41.8,0.214,1.09,89.0
17.4,40.6,0.293,1.12,70.0
18.9,66.8,0.191,1.07,75.0
32.7,46.0,0.229,1.02,45.0
27.9,55.3,0.067,1.0,110.0
20.7,38.1,0.154,1.05,87.0
31.3,78.0,0.079,1.1,73.0
32.2,72.6,0.203,1.12,48.0
31.9,73.2,0.285,1.04,28.0
33.4,50.3,0.215,1.07,43.0
20.0,68.1,0.069,1.06,142.0
30.1,37.2,0.139,1.06,71.0
24.2,30.4,0.188,1.03,65.0
31.8,31.0,0.151,1.02,60.0
29.6,59.3,0.258,1.03,48.0
30.5,52.8,0.254,1.01,47.0
28.1,55.9,0.203,1.03,53.0
18.5,30.4,0.143,1.0,92.0
25.9,51.1,0.114,1.09,112.0
34.7,65.9,0.076,1.05,93.0
33.7,52.1,0.139,1.15,62.0
15.9,66.6,0.153,1.03,100.0
18.3,41.7,0.219,1.05,78.0
17.6,70.7,0.215,1.05,72.0
29.5,59.4,0.068,1.0,116.0
31.4,40.5,0.149,1.13,63.0
19.3,41.8,0.095,1.0,124.0
25.1,61.4,0.089,1.14,101.0
31.8,71.5,0.257,1.13,44.0
29.7,50.8,0.06,1.08,128.0
25.8,42.9,0.155,1.08,85.0
26.8,73.4,0.092,1.1,99.0
25.2,63.5,0.27,1.06,45.0
21.0,52.4,0.189,1.1,50.0
26.3,54.4,0.108,1.01,91.0
28.8,40.2,0.176,1.01,60.0
32.5,61.3,0.233,1.07,40.0
27.7,47.9,0.29,1.08,43.0
30.2,79.8,0.105,1.13,62.0
18.2,54.0,0.272,1.02,71.0
24.2,54.3,0.284,1.12,54.0
15.2,58.3,0.279,1.03,79.0
19.9,75.8,0.209,1.06,77.0
29.5,70.0,0.207,1.05,51.0
34.8,52.6,0.151,1.06,47.0
17.0,65.9,0.238,1.02,74.0
23.0,59.3,0.183,1.08,71.0
31.0,54.6,0.219,1.12,45.0
19.1,39.6,0.157,1.07,104.0
26.1,53.2,0.233,1.07,58.0
29.7,42.3,0.256,1.13,61.0
27.3,75.7,0.087,1.11,112.0
18.8,46.8,0.258,1.07,69.0
22.1,77.6,0.185,1.04,38.0
30.7,56.7,0.261,1.13,49.0
26.1,61.6,0.158,1.09,63.0
15.1,57.1,0.145,1.03,109.0
30.2,36.5,0.279,1.04,39.0
15.7,48.8,0.113,1.12,131.0
29.9,35.0,0.261,1.01,50.0
19.0,61.1,0.171,1.15,74.0
34.2,52.3,0.179,1.02,37.0
22.4,68.9,0.127,1.12,93.0
21.5,41.0,0.193,1.06,80.0
18.0,38.2,0.131,1.07,118.0
21.1,50.3,0.06,1.13,155.0
32.5,76.3,0.118,1.06,53.0
34.9,65.5,0.052,1.08,98.0
22.4,50.9,0.295,1.01,55.0
24.0,55.9,0.291,1.0,61.0
29.4,34.2,0.149,1.04,50.0
32.7,79.2,0.232,1.1,33.0
26.9,63.3,0.136,1.02,62.0
22.8,44.3,0.218,1.02,52.0
23.3,59.3,0.251,1.06,63.0
28.9,35.5,0.287,1.1,48.0
15.1,78.3,0.15,1.11,112.0
27.4,38.7,0.246,1.03,58.0
22.1,62.4,0.116,1.01,95.0
30.9,42.3,0.298,1.14,34.0
16.9,65.9,0.056,1.04,213.0
26.8,68.8,0.201,1.13,52.0
24.6,63.7,0.215,1.13,63.0
27.8,60.7,0.222,1.12,49.0
16.3,74.6,0.08,1.03,143.0
26.6,33.9,0.285,1.12,32.0
26.2,46.5,0.095,1.12,94.0
26.2,42.4,0.206,1.09,68.0
27.1,79.4,0.106,1.05,89.0
28.5,49.5,0.127,1.04,81.0
31.1,66.6,0.187,1.02,40.0
20.4,64.2,0.154,1.08,100.0
31.5,40.6,0.09,1.09,77.0
25.0,41.9,0.093,1.05,108.0
16.5,44.1,0.155,1.07,106.0
16.2,50.6,0.239,1.05,78.0
21.7,41.7,0.274,1.1,70.0
30.7,31.0,0.071,1.14,98.0
29.2,74.0,0.148,1.02,49.0
30.8,78.3,0.075,1.06,91.0
25.3,47.1,0.054,1.02,144.0
23.8,46.9,0.215,1.09,90.0
17.9,30.4,0.201,1.11,93.0
21.6,64.0,0.091,1.14,115.0
23.7,71.3,0.108,1.04,87.0
16.8,37.3,0.056,1.14,188.0
19.4,38.0,0.259,1.01,60.0
27.0,69.5,0.294,1.09,40.0
29.7,60.8,0.084,1.01,102.0
35.0,32.2,0.108,1.13,76.0
33.7,61.1,0.267,1.08,34.0
27.9,45.4,0.282,1.1,41.0
23.4,48.4,0.155,1.12,82.0
27.7,68.5,0.063,1.02,114.0
30.7,70.5,0.06,1.01,121.0
17.4,50.0,0.193,1.13,86.0
23.2,77.4,0.148,1.05,76.0
31.8,50.3,0.057,1.02,93.0
22.7,68.6,0.196,1.07,64.0
26.4,54.2,0.053,1.09,148.0
26.8,74.9,0.247,1.0,36.0
18.7,75.4,0.127,1.04,99.0
22.2,34.4,0.06,1.0,164.0
21.7,76.8,0.197,1.06,55.0
15.5,71.3,0.149,1.13,117.0
15.5,69.6,0.293,1.15,64.0
31.6,40.0,0.186,1.1,49.0
20.5,70.3,0.119,1.02,94.0
25.4,72.5,0.227,1.14,55.0
21.0,44.5,0.118,1.08,126.0
33.8,77.6,0.276,1.02,34.0
20.2,32.5,0.144,1.14,92.0
23.6,37.5,0.187,1.11,81.0
32.5,56.9,0.063,1.11,98.0
31.8,58.8,0.157,1.11,65.0
18.7,62.3,0.258,1.03,72.0
31.1,30.8,0.251,1.03,21.0
24.2,78.0,0.106,1.1,85.0
24.7,32.2,0.107,1.03,108.0
17.7,37.2,0.254,1.07,76.0
16.6,30.7,0.283,1.12,66.0
29.6,58.3,0.074,1.12,95.0
24.9,76.6,0.163,1.07,51.0
23.7,63.3,0.134,1.12,83.0
29.6,71.1,0.268,1.13,55.0
30.3,30.7,0.071,1.1,112.0
18.2,57.1,0.103,1.03,145.0
27.2,53.0,0.238,1.04,57.0
17.7,54.9,0.063,1.05,187.0
30.0,33.6,0.173,1.02,75.0
28.1,64.2,0.161,1.04,64.0
34.1,55.2,0.134,1.03,54.0
16.4,68.3,0.149,1.07,113.0
16.1,54.3,0.182,1.14,107.0
20.6,37.5,0.09,1.02,125.0
